50333,,,,,
EMBROIDERY,,,,,
Heather View Homes,,,,,
Heather View Homes Hi Vis Uniform,,,,,
6,Medium, Yellow/Black, DX416, DX4 Hi Vis Long Sleeve T-Shirt,
6,Large, Yellow/Black, DX416, DX4 Hi Vis Long Sleeve T-Shirt,
2,XL, Yellow/Black, DX416, DX4 Hi Vis Long Sleeve T-Shirt,
6,Medium, Yellow/Black, DX413, DX4 Hi Vis Short Sleeve T-Shirt,
6,Large, Yellow/Black, DX413, DX4 Hi Vis Short Sleeve T-Shirt,
2,XL, Yellow/Black, DX413, DX4 Hi Vis Short Sleeve T-Shirt,
2,Medium, Yellow/Black, PW379, PW3 Hi Vis Sweatshirt,
2,Large, Yellow/Black, PW379, PW3 Hi Vis Sweatshirt,
2,XL, Yellow/Black, PW379, PW3 Hi Vis Sweatshirt,
1,"30""", Yellow/Black, DX457, DX4 Hi-Vis Class 1 Detachable Holster Pocket Trous,
2,"32""", Yellow/Black, DX457, DX4 Hi-Vis Class 1 Detachable Holster Pocket Trous,
1,"36""", Yellow/Black, DX457, DX4 Hi-Vis Class 1 Detachable Holster Pocket Trous,
1,"40""", Yellow/Black, DX457, DX4 Hi-Vis Class 1 Detachable Holster Pocket Trous,
1,Medium, Yellow/Black, PW275, PW2 Portwest Hi-Vis Softshell,
3,Large, Yellow/Black, PW275, PW2 Portwest Hi-Vis Softshell,
1,XL, Yellow/Black, PW275, PW2 Portwest Hi-Vis Softshell,
1,Medium, Yellow/Black, PW261, PW2 Portwest Hi Vis Winter Jacket,
3,Large, Yellow/Black, PW261, PW2 Portwest Hi Vis Winter Jacket,
1,XL, Yellow/Black, PW261, PW2 Portwest Hi Vis Winter Jacket,
1,Medium, Yellow/Black, PW265, PW2 Portwest Hi Vis Rain Jacket,
3,Large, Yellow/Black, PW265, PW2 Portwest Hi Vis Rain Jacket,
1,XL, Yellow/Black, PW265, PW2 Portwest Hi Vis Rain Jacket,
5,,,,Black Portwest Height Endurance Helmet,
3,,,,FW57 Portwest All Weather Boots - Size 8,
1,,,,FW57 Portwest All Weather Boots - Size 7,
=====,,,,,
50396,,,,,
EMBROIDERY,,,,,
Cloned,,,,,
Cloned Caps,,,,,
2,,,,Black caps supplied - Small 'O' to left side,
3,,,,White caps supplied - Small 'O' to left side,
3,,,,Stone caps supplied - Small 'O' to left side,
2,,,,Black caps supplied - Small 'Cloned' to left side,
3,,,,White caps supplied - Small 'Cloned' to left side,
3,,,,Stone caps supplied - Small 'Cloned' to left side,
8,,,,Black caps supplied - Large 3D 'O' to centre,
=====,,,,,
50438,,,,,
PRINT,,,,,
Manston Raceway Park,,,,,
I Helped Build Manston Raceway Park - T-Shirts,,,,,
2,Medium, Black, GD01, Gildan Softstyle Ringspun T-shirt 160gsm,
1,Large, Black, GD01, Gildan Softstyle Ringspun T-shirt 160gsm,
1,XXL, Black, GD01, Gildan Softstyle Ringspun T-shirt 160gsm,
=====,,,,,
50490,,,,,
EMBROIDERY,,,,,
CJC GAINS Ltd,,,,,
CJC / CRF T-Shirt & Samples,,,,,
1,Small, Black, NS401, Native Spirit Unisex Heavyweight Hooded Sweatshirt,
1,Large, Black, NS401, Native Spirit Unisex Heavyweight Hooded Sweatshirt,
1,XL, Black, NS401, Native Spirit Unisex Heavyweight Hooded Sweatshirt,
1,Small, Black, SF124, SF Clothing Feel Good Stretch Long Sleeve T-Shirt,
1,Large, Black, SF124, SF Clothing Feel Good Stretch Long Sleeve T-Shirt,
1,XXL, Black, SF124, SF Clothing Feel Good Stretch Long Sleeve T-Shirt,
1,,,,Supplied t-shirt printed/embroidered same day,
=====,,,,,
50525,,,,,
PRINT,,,,,
Charlton Design & Build Ltd.,,,,,
Stoke Mandeville FC/Charlton Design & Build Jkts,,,,,
10,Small, Black, RG211, Regatta Pro Stormbreak Waterproof Jacket,
2,XL, Black, RG211, Regatta Pro Stormbreak Waterproof Jacket,
1,3XL, Black, RG211, Regatta Pro Stormbreak Waterproof Jacket,
5,34, Black, RG256, Regatta Kids Pro Stormbreak Waterproof Jacket,
=====,,,,,
50552,,,,,
EMBROIDERY,,,,,
Probity Europe Limited,,,,,
Airbourne Snake skin samples,,,,,
1,,,,Various prints applied to snake skin supplied,
=====,,,,,
50619,,,,,
PRINT,,,,,
1HQ (NL) B.V.,,,,,
KraftHeinz Amsterdam / Brazil,,,,,
17,Small, Navy, GD01, Gildan Softstyle Ringspun T-shirt 160gsm,
15,Medium, Navy, GD01, Gildan Softstyle Ringspun T-shirt 160gsm,
5,Large, Navy, GD01, Gildan Softstyle Ringspun T-shirt 160gsm,
5,Small, White, SSE17, Fruit of the Loom Premium Zip Neck Sweatshirt,
10,Medium, White, SSE17, Fruit of the Loom Premium Zip Neck Sweatshirt,
2,Large, White, SSE17, Fruit of the Loom Premium Zip Neck Sweatshirt,
10,,,,BY201 White Socks Size: 35-38,
20,,,,BY201 White Socks Size: 39-42,
6,,,,BY201 White Socks Size: 43-46,
=====,,,,,
50626,,,,,
PRINT,,,,,
Game On,,,,,
Game On Clothing / St Meryl School,,,,,
3,,,,Black jackets supplied - Embroidered,
1,,,,Royal zip necks supplied - Embroidered,
3,,,,Black/White football tops - G/O & No,
5,,,,White tops supplied - No's only,
22,,,,Royal t-shirts supplied,
12,,,,Red School Tops - Embroidered,
1,,,,Green goalie tops - embroidered, G/O & No.
=====,,,,,
50639,,,,,
EMBROIDERY,,,,,
London Design & Engineering UTC,,,,,
LDE UTC Aprons,,,,,
50,One Size, Sapphire, PR150, Premier 'Colours' Apron 210gsm,
6,One Size, Blue Denim, PR150, Premier 'Colours' Apron 210gsm,
=====,,,,,
50641,,,,,
EMBROIDERY,,,,,
London Design & Engineering UTC,,,,,
ELFI Aprons,,,,,
100,One Size, Natural, W364, Westford Mill Fairtrade Adult Craft Apron,
=====,,,,,
50642,,,,,
EMBROIDERY,,,,,
London Design & Engineering UTC,,,,,
LDE UTC Shirts,,,,,
1,10, Lt Blue, K360, Kustom Kit Ladies s/s Workwear Oxford Shirt,
1,10, White, K360, Kustom Kit Ladies s/s Workwear Oxford Shirt,
1,10, Lt Blue, K361, Kustom Kit Ladies l/s Workwear Oxford Shirt,
1,24, Lt Blue, K361, Kustom Kit Ladies l/s Workwear Oxford Shirt,
1,10, White, K361, Kustom Kit Ladies l/s Workwear Oxford Shirt,
5,"15""", Lt Blue, K350, Kustom Kit s/s Workwear Oxford Shirt,
2,"15.5""", Lt Blue, K350, Kustom Kit s/s Workwear Oxford Shirt,
1,"21""", Lt Blue, K350, Kustom Kit s/s Workwear Oxford Shirt,
3,"15""", White, K350, Kustom Kit s/s Workwear Oxford Shirt,
2,"19""", White, K350, Kustom Kit s/s Workwear Oxford Shirt,
1,"21""", White, K350, Kustom Kit s/s Workwear Oxford Shirt,
3,"14.5""", Lt Blue, K351, Kustom Kit Long Sleeve Workwear Oxford Shirt,
3,"15""", Lt Blue, K351, Kustom Kit Long Sleeve Workwear Oxford Shirt,
2,"15.5""", Lt Blue, K351, Kustom Kit Long Sleeve Workwear Oxford Shirt,
1,21, Lt Blue, K351, Kustom Kit Long Sleeve Workwear Oxford Shirt,
3,"14.5""", White, K351, Kustom Kit Long Sleeve Workwear Oxford Shirt,
3,"15""", White, K351, Kustom Kit Long Sleeve Workwear Oxford Shirt,
1,21, White, K351, Kustom Kit Long Sleeve Workwear Oxford Shirt,
2,"15.5""", Lt Blue, PR202, Premier S/S Poplin Shirt 65/35 Poly/Cot 105gsm,
3,"15.5""", White, PR202, Premier S/S Poplin Shirt 65/35 Poly/Cot 105gsm,
3,"15""", Lt Blue, K350, Kustom Kit s/s Workwear Oxford Shirt,
2,"15""", Lt Blue, K351, Kustom Kit Long Sleeve Workwear Oxford Shirt,
=====,,,,,
50643,,,,,
EMBROIDERY,,,,,
London Design & Engineering UTC,,,,,
ELFI Shirts,,,,,
1,10, Lt Blue, K361, Kustom Kit Ladies l/s Workwear Oxford Shirt,
1,24, Lt Blue, K361, Kustom Kit Ladies l/s Workwear Oxford Shirt,
1,10, White, K361, Kustom Kit Ladies l/s Workwear Oxford Shirt,
1,24, White, K361, Kustom Kit Ladies l/s Workwear Oxford Shirt,
1,10, Lt Blue, K360, Kustom Kit Ladies s/s Workwear Oxford Shirt,
1,10, White, K360, Kustom Kit Ladies s/s Workwear Oxford Shirt,
6,"15""", Lt Blue, K351, Kustom Kit Long Sleeve Workwear Oxford Shirt,
7,"15""", White, K351, Kustom Kit Long Sleeve Workwear Oxford Shirt,
4,"21""", White, K350, Kustom Kit s/s Workwear Oxford Shirt,
2,"14""", Lt Blue, K351, Kustom Kit Long Sleeve Workwear Oxford Shirt,
1,"14.5""", Lt Blue, K351, Kustom Kit Long Sleeve Workwear Oxford Shirt,
2,"14""", Lt Blue, K350, Kustom Kit s/s Workwear Oxford Shirt,
1,"14.5""", Lt Blue, K350, Kustom Kit s/s Workwear Oxford Shirt,
2,12, White, K360, Kustom Kit Ladies s/s Workwear Oxford Shirt,
=====,,,,,
50645,,,,,
PRINT,,,,,
Twinnies Minis,,,,,
Twinnie Minis,,,,,
=====,,,,,
50646,,,,,
PRINT,,,,,
Playfeet Theatre Company,,,,,
Playfeet Theatre Co - Clothing,,,,,
2,05-Jun, Black, 180B, Jerzees Schoolgear Kids t-Shirt,
10,07-Aug, Black, 180B, Jerzees Schoolgear Kids t-Shirt,
6,09-Oct, Black, 180B, Jerzees Schoolgear Kids t-Shirt,
5,11-Dec, Black, 180B, Jerzees Schoolgear Kids t-Shirt,
6,Small, Black, 180M, Russell Ringspun T-shirt,
7,Medium, Black, 180M, Russell Ringspun T-shirt,
3,Large, Black, 180M, Russell Ringspun T-shirt,
5,XL, Black, 180M, Russell Ringspun T-shirt,
1,05-Jun, Jet Black/Fire Red, JH003B, AWD Kids Varsity Hoodie,
7,07-Aug, Jet Black/Fire Red, JH003B, AWD Kids Varsity Hoodie,
5,09-Nov, Jet Black/Fire Red, JH003B, AWD Kids Varsity Hoodie,
2,Dec-13, Jet Black/Fire Red, JH003B, AWD Kids Varsity Hoodie,
1,Medium, Jet Black/Fire Red, JH003, AWD Varsity Hoodie 280gsm,
1,,,,Initials,
7,,,,Black Adult T-Shirts Supplied,
=====,,,,,
50649,,,,,
EMBROIDERY,,,,,
DSM Fabrication Ltd,,,,,
Embroidered Beanie hats,,,,,
100,,,,BB44 - Pull On Beanie in OXFORD BLUE,
100,,,,BB465 - Ribbed Beanie in OXFORD BLUE,
=====,,,,,
50657,,,,,
PRINT,,,,,
Karen Hurford,,,,,
Ali All Stars - Additonal T-Shirts,,,,,
1,Medium, Tropical Blue, GD01, Gildan Softstyle Ringspun T-shirt 160gsm,
1,XL, Tropical Blue, GD01, Gildan Softstyle Ringspun T-shirt 160gsm,
=====,,,,,
50658,,,,,
EMBROIDERY,,,,,
Sarah Dixon Ltd,,,,,
Chiltern Neurophysio,,,,,
2,,,,T1401 Navy Tee Jays Ladies Heavy Cotton Polo - L,
3,,,,T1401 Navy Tee Jays Ladies Heavy Cotton Polo - XL,
3,,,,T1401 Navy Tee Jays Ladies Heavy Cotton Polo - XXL,
1,,,,KB907 Tropical Blue Karibina Ladies Fleece - M,
2,,,,KB907 Tropical Blue Karibina Ladies Fleece - L,
=====,,,,,
50659,,,,,
EMBROIDERY,,,,,
Over The Rainbow,,,,,
Over The Rainbow,,,,,
4,Small, Purple, GD01, Gildan Softstyle Ringspun T-shirt 160gsm,
8,Medium, Purple, GD01, Gildan Softstyle Ringspun T-shirt 160gsm,
8,Large, Purple, GD01, Gildan Softstyle Ringspun T-shirt 160gsm,
4,XL, Purple, GD01, Gildan Softstyle Ringspun T-shirt 160gsm,
4,XXL, Purple, GD01, Gildan Softstyle Ringspun T-shirt 160gsm,
4,XL, Black, H851, Henbury Ladies Micro Fleece Jacket 280gsm,
4,XXL, Black, H851, Henbury Ladies Micro Fleece Jacket 280gsm,
=====,,,,,
50660,,,,,
PRINT,,,,,
ONE CLICK LCA,,,,,
One Click / SimaPro Clothing,,,,,
3,Small, Black, 262M, Jerzees Drop Shoulder Sweatshirt,
5,Medium, Black, 262M, Jerzees Drop Shoulder Sweatshirt,
5,Large, Black, 262M, Jerzees Drop Shoulder Sweatshirt,
3,Small, Black, K430, Kustom Kit Long Sleeve Poly/Cotton Piqué Polo Shir,
5,Medium, Black, K430, Kustom Kit Long Sleeve Poly/Cotton Piqué Polo Shir,
5,Large, Black, K430, Kustom Kit Long Sleeve Poly/Cotton Piqué Polo Shir,
5,Small, Black, 265M, Authentic Hooded sweatshirt,
20,Medium, Black, 265M, Authentic Hooded sweatshirt,
25,Large, Black, 265M, Authentic Hooded sweatshirt,
=====,,,,,
50662,,,,,
EMBROIDERY,,,,,
HP2 Heating & Plumbing,,,,,
Clothing 2025,,,,,
5,Large, Convoy Grey, 180M, Russell Ringspun T-shirt,
2,Large, Convoy Grey, 262M, Jerzees Drop Shoulder Sweatshirt,
1,Medium, Black, RS88, Result Ultra Padded Bodywarmer,
=====,,,,,
50663,,,,,
EMBROIDERY,,,,,
Game On,,,,,
Old Game On Logo - Jackets,,,,,
=====,,,,,
50664,,,,,
EMBROIDERY,,,,,
Game On,,,,,
Game On NEW logo - Jackets,,,,,
=====,,,,,
50666,,,,,
PRINT,,,,,
London Marathon Events,,,,,
LME Handicap 2025,,,,,
1,XS, Sapphire, JC005, AWDis Girlie Cool T-Shirt,
6,Small, Sapphire, JC005, AWDis Girlie Cool T-Shirt,
4,Medium, Sapphire, JC005, AWDis Girlie Cool T-Shirt,
4,Medium, Sapphire, JC001, AWD 100% polyester cool t-shirt,
1,Large, Sapphire, JC001, AWD 100% polyester cool t-shirt,
1,XL, Sapphire, JC001, AWD 100% polyester cool t-shirt,
=====,,,,,
50667,,,,,
PRINT,,,,,
Herts Young Homeless,,,,,
HYH Sleepout Hoodies,,,,,
3,Small, Jet Black, JH001, AWD Hooded Sweatshirt 280gsm,
1,Medium, Jet Black, JH001, AWD Hooded Sweatshirt 280gsm,
1,Large, Jet Black, JH001, AWD Hooded Sweatshirt 280gsm,
1,XL, Jet Black, JH001, AWD Hooded Sweatshirt 280gsm,
=====,,,,,
50668,,,,,
PRINT,,,,,
The Cowgirls Studio Ltd,,,,,
Hoodies & Sweats,,,,,
5,XL, Sand, GD56, Gildan Heavy Blend Sweatshirt,
5,XXL, Sand, GD56, Gildan Heavy Blend Sweatshirt,
5,XL, Sand, GD57, Gildan Hooded Sweatshirt 270gsm,
5,XXL, Sand, GD57, Gildan Hooded Sweatshirt 270gsm,
=====,,,,,
50669,,,,,
EMBROIDERY,,,,,
Gilded Bee,,,,,
Napkins,,,,,
35,,,,Black napkins supplied emboidered right corner,
=====,,,,,
50671,,,,,
EMBROIDERY,,,,,
Global Leader Ltd,,,,,
MMAP,,,,,
30,,,,Black Classic T-Shirt Supplied - Small,
20,,,,Black Sweatshirt Supplied - Small,
=====,,,,,
50672,,,,,
PRINT,,,,,
Focus Media Scaffolding,,,,,
Focus Media T-Shirts,,,,,
40,,,,Black Meyba T-shirt Supplied,
=====,,,,,
50673,,,,,
EMBROIDERY,,,,,
Dacorum & Tring Athletic Club,,,,,
Dacorum & Tring Hoodies / Initials,,,,,
1,09-Nov, Purple, JH001B, AWD Kids Hooded Sweatshirt 280gsm,
1,Dec-13, Purple, JH001B, AWD Kids Hooded Sweatshirt 280gsm,
1,Small, Purple, JH001, AWD Hooded Sweatshirt 280gsm,
3,Medium, Purple, JH001, AWD Hooded Sweatshirt 280gsm,
1,Large, Purple, JH001, AWD Hooded Sweatshirt 280gsm,
1,Small, Purple, JH050, AWD Zoodie,
5,Medium, Purple, JH050, AWD Zoodie,
=====,,,,,
50675,,,,,
PRINT,,,,,
Salvo 1968 Ltd,,,,,
Salvo T-shirts/ Polo Shirts & Caps,,,,,
4,Small, Black, 539M, Jerzees 65/35 Pique Polo Shirt,
4,Medium, Black, 539M, Jerzees 65/35 Pique Polo Shirt,
5,Small, Black, 180M, Russell Ringspun T-shirt,
5,Medium, Black, 180M, Russell Ringspun T-shirt,
5,Large, Black, 180M, Russell Ringspun T-shirt,
20,One Size, Black, BB25, Beechfield Authentic 5 Panel Cap,
=====,,,,,
50676,,,,,
EMBROIDERY,,,,,
Opticall Eye Care,,,,,
Opticall Eye Care - Uniform,,,,,
5,Medium, Fr Navy, 870M, Russell Full Zip Fleeces,
1,Small, Navy, H105, Henbury Long Sleeve Cotton Pique Polo Shirt 225gsm,
1,Small, Fr Navy, 569M, Russell Classic Cotton Polo Shirt,
2,Medium, Fr Navy, 569M, Russell Classic Cotton Polo Shirt,
1,Small, Dark Navy, RG182, Regatta Haber II Fleece Bodywarmer 250gsm,
1,Medium, Dark Navy, RG182, Regatta Haber II Fleece Bodywarmer 250gsm,
=====,,,,,